"_id",SKU_ID,评论ID,评价者,评论内容,评论回复数,评论图片,评论时间,评论视频,评论评分
6459fa29363ff92421045207,2205060,19052080050,李***3,面粉不错，吃起来很有家乡的那个麦子的味道，很新鲜，做出来的包子馒头饺子真的很好吃，小朋友都喜欢吃，京东自营大品牌，质量有保障吃着放心！色泽观感：很好面粉粉质：细腻口感味道：很好吃新鲜程度：很新鲜出产日期很好烹饪方式：饺子包子馒头面条都可以做,1,//img30.360buyimg.com/shaidan/s128x96_jfs/t1/6466/3/29795/97447/64462721F44ab23b5/e2852193fb20ac56.jpg;//img30.360buyimg.com/shaidan/s128x96_jfs/t1/37698/15/22169/89335/64462722F4e3d6213/6a9988fe5ebf74a0.jpg;//img30.360buyimg.com/shaidan/s128x96_jfs/t1/127975/17/32497/96372/64462722F0ab4f346/8999b523879b3bb7.jpg;//img30.360buyimg.com/shaidan/s128x96_jfs/t1/180525/39/33327/86180/64462724F4f82e4fc/39e29ab11e4c80ef.jpg;//img30.360buyimg.com/shaidan/s128x96_jfs/t1/126542/38/30643/87279/64462725F0791da23/ba12a0fc4741f9c1.jpg,2023-04-24 14:52:22,,5
6459fa29363ff92421045208,2205060,19057759069,j***c,做面食很棒，做手擀面很劲道，做馒头包子宣软有嚼劲，做饼很软和，家里一直在用这个面粉。还做了麻食，也很好吃。做蒸饺皮用的开水烫面，皮薄透亮。,0,//img30.360buyimg.com/shaidan/s128x96_jfs/t1/217848/29/28505/114334/6448b1a5Fdd8599a9/a13123a1dbc4f2cf.jpg;//img30.360buyimg.com/shaidan/s128x96_jfs/t1/185793/39/34877/162834/6448b1a6F59860606/d4857f566b9973bb.jpg;//img30.360buyimg.com/shaidan/s128x96_jfs/t1/167598/16/31100/201476/6448b1a7F419a3bf0/975be73fcfd9cd97.jpg;//img30.360buyimg.com/shaidan/s128x96_jfs/t1/127796/28/32197/115326/6448b1a8F5a5df15e/b25f9e454fadcb09.jpg,2023-04-26 13:07:52,,5
6459fa29363ff92421045209,2205060,19050240024,小***子,色泽观感：颜色很好，不会特别假白面粉粉质：很细腻的，淡淡的面香口感味道：做出来面包特别好吃，特别筋道新鲜程度：日期很好的，物流也很快的烹饪方式：做各种馒头还有面包很好用的,0,//img30.360buyimg.com/shaidan/s128x96_jfs/t1/128053/28/36395/151653/64452e8dFf8c53348/518d8a4cf7084baa.jpg;//img30.360buyimg.com/shaidan/s128x96_jfs/t1/185597/16/34204/134766/64452e8eFe87d3199/cd2282901add4d18.jpg,2023-04-23 21:11:42,,5
6459fa29363ff9242104520a,2205060,18997796797,-***7,作为北方人，我们非常爱吃面食。尤其是喜欢吃金龙鱼的面粉。很好吃很细腻，易溶于水，揉面不粘手，蒸煮方便，口感很筋道，蒸出来的馍馍好吃，粉白。细腻，口感回甜，包装很好，无破损，还会再来买的！,0,//img30.360buyimg.com/shaidan/s128x96_jfs/t1/96150/4/37122/90565/642fd684Fe81ec95a/cf0880e43bfdff5c.jpg;//img30.360buyimg.com/shaidan/s128x96_jfs/t1/104407/24/37842/126537/642fd685F23ac47de/75c047266a101f3a.jpg;//img30.360buyimg.com/shaidan/s128x96_jfs/t1/99064/22/32079/137209/642fd686F5da2b052/4df144f03faf6d62.jpg,2023-04-07 16:38:31,,5
6459fa29363ff9242104520b,2205060,19005291826,蜘***脚,金龙鱼的这款高筋面粉非常好用，蛋白质含量高，做饺子，做包子，馒头，饼，都非常好吃，口感细腻，丝滑，有筋道，颜色也白，看起来就非常有食欲，价格也实惠，还会回购。,0,//img30.360buyimg.com/shaidan/s128x96_jfs/t1/159085/37/32306/132297/64323741F3a2e5e47/0fb3d1c7ac094df3.jpg;//img30.360buyimg.com/shaidan/s128x96_jfs/t1/203131/40/31923/208448/64323743F5c652b20/c786075d632c4b90.jpg;//img30.360buyimg.com/shaidan/s128x96_jfs/t1/136839/23/32334/150522/64323744Fcea95092/7ce55349b4033913.jpg,2023-04-09 11:55:49,,5
6459fa29363ff9242104520c,2205060,19031089657,超***喵,色泽观感：这款面粉可以一粉多用，做馒头、做面包?都非常成功。面粉粉质：粉质很细腻，色泽白皙。口感味道：口感不错，有一股淡淡的麦香味，新鲜程度：日期很新鲜，包装也很不错，不用担心放坏,0,//img30.360buyimg.com/shaidan/s128x96_jfs/t1/178664/20/34571/282836/643d41faF2e08e14e/2c8d951276565b2e.jpg;//img30.360buyimg.com/shaidan/s128x96_jfs/t1/8301/10/22011/277567/643d41faF09aa04cf/9add8e2a9a814198.jpg,2023-04-17 20:56:27,,5
6459fa29363ff9242104520d,2205060,19004985974,c***5,通常蛋白质含量在51.5%以上就可叫做高筋面粉，高筋面粉颜色较深，有活性且光滑。高筋面粉在蛋糕方面仅限于高成分的水果蛋糕中使用。因为高筋面粉制作蛋糕很容易起筋，做出来的蛋糕并不松软，食用口感较差。高筋面粉多用于松饼和奶油空心饼。,0,//img30.360buyimg.com/shaidan/s128x96_jfs/t1/101804/33/22996/92557/64322180F99fb8813/9e65894671b13abb.jpg;//img30.360buyimg.com/shaidan/s128x96_jfs/t1/57929/17/23979/65004/64322180F1a0ae243/1be34b4e02d77b20.jpg;//img30.360buyimg.com/shaidan/s128x96_jfs/t1/90628/14/37189/160542/64322181F3b3ac91f/74d879e89f0599fb.jpg,2023-04-09 10:22:58,,5
6459fa29363ff9242104520e,2205060,19062113077,j***海,趁着活动抓紧囤几袋，高筋粉是好吃的，比较筋道，做面条，吃饺子，都很好吃，还给送货上门，很方便。日期都是新的，大品牌值得信赖。,0,//img30.360buyimg.com/shaidan/s128x96_jfs/t1/171057/12/37513/65151/644a7d06Fcbb48f9f/13f7485ea4e1d7bd.jpg;//img30.360buyimg.com/shaidan/s128x96_jfs/t1/213454/33/29253/89953/644a7d06F098a05bf/71ea4ec2108664d4.jpg;//img30.360buyimg.com/shaidan/s128x96_jfs/t1/131082/2/33209/113693/644a7d07Faef485aa/90e335744987fa8f.jpg,2023-04-27 21:47:51,,5
6459fa29363ff9242104520f,2205060,19081576084,j***1,这个高筋粉包饺子太好了，韧性大弹性足好有嚼劲，全家人都爱吃，饺子煮熟了水还是清汤，擀成手工擀面也是顺滑有嚼劲 认准这个牌子，会无限回购。JD物流更是没得话说，推荐购买,0,//img30.360buyimg.com/shaidan/s128x96_jfs/t1/90680/32/37320/112857/645365c9F28cc3f67/ea8eba2c9aed0509.jpg;//img30.360buyimg.com/shaidan/s128x96_jfs/t1/147417/31/37015/56555/645365caFf323e915/a597ec927e2a6f39.jpg;//img30.360buyimg.com/shaidan/s128x96_jfs/t1/90924/15/37838/41607/645365ccF3e8ee640/fb350c60f087edde.jpg,2023-05-04 15:59:08,,5
6459fa29363ff92421045210,2205060,19074789281,斑***儿,色泽观感：色泽白白的，蒸出来的馒头胖胖的面粉粉质：面粉粉质：自己做的馒头很好吃 口感味道：口感味道：口感面条劲道 新鲜程度：生产日期比较新鲜，经常购买烹饪方式：比较适合馒头，面条，北方人的生活必备，白面馒头,0,//img30.360buyimg.com/shaidan/s128x96_jfs/t1/201258/2/29547/76267/64506f34F51950318/f831a6ec7fa3e060.jpg;//img30.360buyimg.com/shaidan/s128x96_jfs/t1/84326/1/22811/79875/64506f36F078afdc2/c012d0f4589adbea.jpg,2023-05-02 10:02:30,,5
6459fa2a363ff92421045215,2205060,18999141723,j***c,口感很好的一款面粉，一直购买，用来制作馒头、包子、饺子、面条，家人都很喜欢吃。粉质比较细腻，劲道口感，麦香味十足。非常值得推荐。,0,//img30.360buyimg.com/shaidan/s128x96_jfs/t1/175392/6/35604/215588/64309cf7Fba6c9d01/d98b707be440db89.jpg;//img30.360buyimg.com/shaidan/s128x96_jfs/t1/172738/20/32118/392382/64309cf7F2cf2ddcc/742a7a9eb0d47612.jpg,2023-04-08 06:45:12,,5
6459fa2a363ff92421045216,2205060,19053163865,雪***1,色泽观感：传统的面粉色泽灰黄灰黄的。面粉粉质：细腻光滑有嚼劲熟悉的味道。口感味道：无异味做面食巴适。新鲜程度：很新鲜。烹饪方式：蒸包子，煮面条，炸油条都可以非常适用不同群体和口味的人群。,0,//img30.360buyimg.com/shaidan/s128x96_jfs/t1/129415/21/31687/95597/644677ddFdefce20a/4e14287faf56cf5e.jpg;//img30.360buyimg.com/shaidan/s128x96_jfs/t1/184551/14/34903/94995/644677ddFd3cfe220/ee5cc2e4db6a325e.jpg,2023-04-24 20:36:46,,5
6459fa2a363ff92421045217,2205060,19036820219,G***6,色泽观感：面粉比较白。观感好。面粉粉质：粉质很不错，吃了很多面粉。比较纯正口感味道：口感比较有劲道。新鲜程度：很新鲜，日期很近。烹饪方式：各种馒头，水饺，烙饼。都可以。相当好,0,//img30.360buyimg.com/shaidan/s128x96_jfs/t1/191297/36/35160/57934/643fd518Ff35390d0/8833c9c724546fd1.jpg;//img30.360buyimg.com/shaidan/s128x96_jfs/t1/126482/29/32271/120185/643fd519Fd1a9d881/2c804cf1c7438512.jpg,2023-04-19 19:48:42,,5
6459fa2a363ff92421045218,2205060,19001677904,霸***贝,金龙鱼高筋面粉，不错的，做馒头，饺子，都很不错，金龙鱼牌子，非常好，面粉细分，蒸出的馒头，白白松软，香甜可口，家人都很喜欢，好啊,0,//img30.360buyimg.com/shaidan/s128x96_jfs/t1/196868/1/32048/368014/64312898F442112d0/b82a882d0e01f1be.jpg;//img30.360buyimg.com/shaidan/s128x96_jfs/t1/4886/1/20930/219294/64312897F8c96eb59/c5a3c6e583c02593.jpg,2023-04-08 16:40:56,,5
6459fa2a363ff92421045219,2205060,19046321086,q***f,色泽观感：面粉细腻，光泽度好，雪白雪白的。面粉粉质：粉质细腻，做包子馒头都很好。口感味道：口感劲道，面条好吃。新鲜程度：日期新鲜。烹饪方式：蒸馒头，包包子，包饺子，都不错。,0,//img30.360buyimg.com/shaidan/s128x96_jfs/t1/100957/40/39283/77140/6444067fF1631fa4c/9a7aa80ff9ae61f4.jpg;//img30.360buyimg.com/shaidan/s128x96_jfs/t1/124406/23/31460/132800/6444067fF29efcb33/3a7f335a8b2bdaa2.jpg,2023-04-23 00:08:32,,5
6459fa2a363ff9242104521a,2205060,19013727015,j***0,真的推荐啊，快递速度特别的快，爱了爱了。麦香浓郁，口感好，全麦粉营养价值特别高，这个面粉吃了好多袋儿了，大牌子值得信赖。,0,//img30.360buyimg.com/shaidan/s128x96_jfs/t1/33489/32/21419/92913/6435536bF3b160338/36a2b8cd50f378b7.jpg;//img30.360buyimg.com/shaidan/s128x96_jfs/t1/134249/38/31147/167087/6435536cFe3cf20be/677575349e35ede3.jpg,2023-04-11 20:32:44,,5
6459fa2a363ff9242104521b,2205060,19072631060,冬***3,面粉是高筋面粉，可以做各种面食，烙饼。面条，包子，饺子，很适合做各种有嚼劲的面食，做面包的话，可以选择低筋面粉，快递员送货态度很好，速度也很快,0,//img30.360buyimg.com/shaidan/s128x96_jfs/t1/198323/12/32819/71638/644f34c7Fb7147290/b9547799e9f16e8b.jpg;//img30.360buyimg.com/shaidan/s128x96_jfs/t1/110027/17/40389/77114/644f34c8Fd18a696e/8407ee87831696e8.jpg,2023-05-01 11:40:57,,5
6459fa2a363ff9242104521c,2205060,13005252388,A***l,一直用这个牌子的面粉,0,,2019-07-12 11:09:03,,3
6459fa2a363ff9242104521d,2205060,19035922536,a***u,这个面粉挺好吃的，色泽观感很好，面粉粉质很好，口感味道很好，新鲜程度很不错，面粉很劲道，做馒头，做包子，做饺子，做面条，都很合适。,0,//img30.360buyimg.com/shaidan/s128x96_jfs/t1/176691/39/36295/125458/643f8e88Ffad62537/8a0a1732dad200ec.jpg;//img30.360buyimg.com/shaidan/s128x96_jfs/t1/144661/3/35415/125458/643f8e8cF8cb90773/fd1cb017c9051ce4.jpg,2023-04-19 14:50:30,,5
